"Metabolite Abbreviation","Metabolite Name","Charge","Compartment","Boundary Condition","Neutral metabolite formula","Charged metab. formula","KeggID","PubChem ID","CheBI ID"
"M_h2o_c","H2O","  ","c","false","H2O","H2O","C00001","3303","15377"
"M_h2o_p","H2O","  ","p","false","H2O","H2O","C00001","3303","15377"
"M_h2o_u","H2O","  ","u","false","H2O","H2O","C00001","3303","15377"
"M_pq_u","oxidized plastoquinone","  ","u","false","C13H18O2","C13H18O2","C16694","5256","16323"
"M_o2_u","O2","  ","u","false","O2","O2","C00007","3309","15379"
"M_pqh2_u","reduced plastoquinone","  ","u","false","C13H16O2","C13H16O2","C02185","51091016"," "
"M_ofdx_p","oxidized ferredoxin","  ","p","false"," "," ","c00139","3439","17908"
"M_rpc_u","reduced plastocyanin","  ","u","false"," "," ","C03025","5931"," "
"M_h_u","H+","1","u","false","H","H","C00080","3380","15378"
"M_rfdx_p","reduced ferredoxin","  ","p","false"," "," ","c00138","3438","17513"
"M_opc_u","oxidized plastocyanin","  ","u","false"," "," ","C03162","6047"," "
"M_h_p","H+","1","p","false","H","H","C00080","3380","15378"
"M_nadp_p","NADP+","  ","p","false","C21H29N7O17P3","C21H29N7O17P3","C00006","3308","18009"
"M_nadph_p","NADPH","  ","p","false","C21H30N7O17P3","C21H30N7O17P3","C00005","3307","16474"
"M_adp_p","ADP","-3","p","false","C10H15N5O10P2","C10H12N5O10P2","C00008","3310","16761"
"M_pi_p","Phosphate","  ","p","false","H3PO4","H3PO4","C00009","3311","18367"
"M_atp_p","ATP","-4","p","false","C10H16N5O13P3","C10H12N5O13P3","C00002","3304","15422"
"M_o2_p","O2","  ","p","false","O2","O2","C00007","3309","15379"
"M_o2_c","O2","  ","c","false","O2","O2","C00007","3309","15379"
"M_o2_m","O2","  ","m","false","O2","O2","C00007","3309","15379"
"M_atp_c","ATP","-4","c","false","C10H16N5O13P3","C10H12N5O13P3","C00002","3304","15422"
"M_adp_c","ADP","-3","c","false","C10H15N5O10P2","C10H12N5O10P2","C00008","3310","16761"
"M_pi_c","Phosphate","  ","c","false","H3PO4","H3PO4","C00009","3311","18367"
"M_h_c","H+","1","c","false","H","H","C00080","3380","15378"
"M_amp_c","amp","  ","c","false","C10H14N5O7P","C10H14N5O7P","C00020"," "," "
"M_ppi_c","Pyrophosphate","  ","c","false","P2H4O7","P2H4O7","C00013","3315","18361 29888"
"M_nadh_p","NADH","  ","p","false","C21H29N7O14P2","C21H29N7O14P2","C00004","3306","16908"
"M_q_p","Ubiquinone (Coenzyme Q)","  ","p","false","C14H18O4(C5H8)n","C14H18O4(C5H8)n","C00399","3689","16389"
"M_nad_p","NAD+","  ","p","false","C21H28N7O14P2","C21H28N7O14P2","C00003","3305","15846"
"M_qh2_p","Ubiquinol","  ","p","false","C14H20O4(C5H8)n","C14H20O4(C5H8)n","C00390","3680","17976"
"M_nadph_c","NADPH","  ","c","false","C21H30N7O17P3","C21H30N7O17P3","C00005","3307","16474"
"M_nad_c","NAD+","  ","c","false","C21H28N7O14P2","C21H28N7O14P2","C00003","3305","15846"
"M_nadp_c","NADP+","  ","c","false","C21H29N7O17P3","C21H29N7O17P3","C00006","3308","18009"
"M_nadh_c","NADH","  ","c","false","C21H29N7O14P2","C21H29N7O14P2","C00004","3306","16908"
"M_hco3_c","Bicarbonate","  ","c","false","HCO3","HCO3","C00288","3583","17544"
"M_hco3_p","Bicarbonate","  ","p","false","HCO3","HCO3","C00288","3583","17544"
"M_hco3_m","Bicarbonate","  ","m","false","HCO3","HCO3","C00288","3583","17544"
"M_co2_p","co2","  ","p","false","co2","co2"," "," "," "
"M_thr_c","Threonine","  ","c","false","C4H9NO3","C4H9NO3","C00188","3488","16857"
"M_thr_m","Threonine","  ","m","false","C4H9NO3","C4H9NO3","C00188","3488","16857"
"M_2oxobut_c","2-Oxobutanoate","  ","c","false","C4H6O3","C4H6O3","C00109","3409","30831"
"M_2oxobut_m","2-Oxobutanoate","  ","m","false","C4H6O3","C4H6O3","C00109","3409","30831"
"M_acetser_c","O-Acetyl-L-serine","  ","c","false","C5H9NO4","C5H9NO4","C00979","4228","17981"
"M_acetser_m","O-Acetyl-L-serine","  ","m","false","C5H9NO4","C5H9NO4","C00979","4228","17981"
"M_homocys_c","L-Homocysteine","  ","c","false","C4H9NO2S","C4H9NO2S","C00155","3455","17588"
"M_homocys_m","L-Homocysteine","  ","m","false","C4H9NO2S","C4H9NO2S","C00155","3455","17588"
"M_cys_c","Cysteine","  ","c","false","C3H7NO2S","C3H7NO2S","C00097","3397","17561"
"M_cys_p","Cysteine","  ","p","false","C3H7NO2S","C3H7NO2S","C00097","3397","17561"
"M_glc_c","Glucose","  ","c","false","C6H12O6","C6H12O6","C00031","3333","4167"
"M_g6p_c","glucose 6-phosphate","  ","c","false","C6H13O9P","C6H13O9P","C00092","3392","4170"
"M_co2_c","co2","  ","c","false","co2","co2"," "," "," "
"M_ppi_p","Pyrophosphate","  ","p","false","P2H4O7","P2H4O7","C00013","3315","18361 29888"
"M_ru5p_p","Ribulose-5P","  ","p","false","C5H11O8P","C5H11O8P","C00199","3499","17363"
"M_rubp_p","Ribulose 1,5-bisphosphate","  ","p","false","C5H12O11P2","C5H12O11P2","C01182","4409","16710"
"M_gly3p_p","Glycerate 3P (3-Phospho-D-glycerate)","  ","p","false","C3H7O7P","C3H7O7P","C00197","3497","17794"
"M_3pgPi_p","3-Phospho-D-glyceroyl phosphate (glycerate-1,3P)","  ","p","false","C3H8O10P2","C3H8O10P2","C00236","3535","16001"
"M_g3p_p","Glyceraldehyde 3P, 3-phosphoglycerate","  ","p","false","C3H7O6P","C3H7O6P","C00118","3418","29052"
"M_gp_p","Glycerone-P (dihydroxyacetone phosphate, DHAP)","  ","p","false","C3H7O6P","C3H7O6P","C00111","3411","16108"
"M_f16p_p","beta-Fructose 1,6-bisphosphate","  ","p","false","C6H14O12P2","C6H14O12P2","C05378","7752","28013"
"M_f6p_p","beta-fructose-6-phosphate","  ","p","false","C6H13O9P","C6H13O9P","C00085","3385","15946"
"M_e4p_p","Erythrose-4P","  ","p","false","C4H9O7P","C4H9O7P","C00279","3574","48153"
"M_xu5p_p","Xylulose-5P","  ","p","false","C5H11O8P","C5H11O8P","c00231"," "," "
"M_sh17bp_p","sedoheptulose-1,7-bisphosphate","  ","p","false","C7H16O13P2","C7H16O13P2","c00447"," "," "
"M_s7p_p","Sedoheptulose-7P","  ","p","false","C7H15O10P","C7H15O10P","C05382","7756","15721"
"M_r5p_p","Ribose-5P","  ","p","false","C5H11O8P","C5H11O8P","C00117","3417","17797"
"M_g1p_p","glucose 1-phosphate (alpha-glucose-1-phosphate)","  ","p","false","C6H13O9P","C6H13O9P","C00103","3403","16077"
"M_g6p_p","glucose 6-phosphate","  ","p","false","C6H13O9P","C6H13O9P","C00092","3392","4170"
"M_g1p_c","glucose 1-phosphate (alpha-glucose-1-phosphate)","  ","c","false","C6H13O9P","C6H13O9P","C00103","3403","16077"
"M_f6p_c","beta-fructose-6-phosphate","  ","c","false","C6H13O9P","C6H13O9P","C00085","3385","15946"
"M_r1p_p","Ribose-1P","  ","p","false","C5H11O8P","C5H11O8P","C00620","3894","35425"
"M_gly2p_p","Glycerate 2P (2-Phospho-D-glycerate)","  ","p","false","C3H7O7P","C3H7O7P","C00631","3904","17835"
"M_pep_p","Phosphoenolpyruvate","  ","p","false","C3H5O6P","C3H5O6P","C00074","3374","18021 44897"
"M_pyr_p","Pyruvate","-1","p","false","C3H4O3","C3H4O3","C00022","3324","32816"
"M_amp_p","amp","  ","p","false","C10H14N5O7P","C10H14N5O7P","C00020"," "," "
"M_g3p_c","Glyceraldehyde 3P, 3-phosphoglycerate","  ","c","false","C3H7O6P","C3H7O6P","C00118","3418","29052"
"M_pyr_c","Pyruvate","-1","c","false","C3H4O3","C3H4O3","C00022","3324","32816"
"M_pep_c","Phosphoenolpyruvate","  ","c","false","C3H5O6P","C3H5O6P","C00074","3374","18021 44897"
"M_pglyct_p","2-phosphoglycolate","  ","p","false"," "," ","c00988"," "," "
"M_glyct_p","glycolate","  ","p","false","C2H4O3","C2H4O3","C00160","3460","17497"
"M_hno2_c","nitrite","  ","c","false","HNO2","HNO2","C00088","3388","16301"
"M_hno2_p","nitrite","  ","p","false","HNO2","HNO2","C00088","3388","16301"
"M_nh3_p","nh3","  ","p","false","nh3","nh3","C00014"," "," "
"M_nh3_c","nh3","  ","c","false","nh3","nh3","C00014"," "," "
"M_glu_p","Glutamate","  ","p","false","C5H9NO4","C5H9NO4","C00025","3327","16015"
"M_gln_p","glutamine","  ","p","false","C5H10N2O3","C5H10N2O3","C00064","3364","18050"
"M_oxoglut_p","2-Oxoglutarate (alpha-ketoglutaric acid)","  ","p","false","C5H6O5","C5H6O5","C00026","3328","30915"
"M_oxoglut_c","2-Oxoglutarate (alpha-ketoglutaric acid)","  ","c","false","C5H6O5","C5H6O5","C00026","3328","30915"
"M_glu_c","Glutamate","  ","c","false","C5H9NO4","C5H9NO4","C00025","3327","16015"
"M_gln_c","glutamine","  ","c","false","C5H10N2O3","C5H10N2O3","C00064","3364","18050"
"M_dilipo_p","dihydrolipoamide","  ","p","false"," "," ","c00579"," "," "
"M_lipo_p","lipoamide","  ","p","false","C8H15NOS2","C8H15NOS2","c00248"," "," "
"M_dilipoE_p","Dihydrolipoamide-E","  ","p","false","C8H16NOS2R","C8H16NOS2R","C15973","47205286"," "
"M_lipoE_p","Lipoamide-E","  ","p","false","C8H14NOS2R","C8H14NOS2R","C15972","47205285"," "
"M_dhlp_p","Dihydrolipoylprotein","  ","p","false","C8H16NOS2R","C8H16NOS2R","C02972","5884","16194"
"M_lpp_p","Lipoylprotein","  ","p","false","C8H14NOS2R","C8H14NOS2R","C02051","5140","15804"
"M_oxad_p","2-Oxoadipate","  ","p","false","C6H8O5","C6H8O5","c00322"," "," "
"M_coa_p","CoA","  ","p","false","C21H36N7O16P3S","C21H36N7O16P3S","C00010","3312","15346"
"M_glucoa_p","glutaryl-coa","  ","p","false","C26H42N7O19P3S","C26H42N7O19P3S","c00527"," "," "
"M_succoa_p","Succinyl-CoA","  ","p","false","C25H40N7O19P3S","C25H40N7O19P3S","C00091","3391","15380"
"M_oxaloacet_p","Oxaloacetate","  ","p","false","C4H4O5","C4H4O5","C00036","3338","30744"
"M_asp_c","Aspartate","  ","c","false","C4H7NO4","C4H7NO4","C00049","3351","17053"
"M_asp_p","Aspartate","  ","p","false","C4H7NO4","C4H7NO4","C00049","3351","17053"
"M_oxaloacet_c","Oxaloacetate","  ","c","false","C4H4O5","C4H4O5","C00036","3338","30744"
"M_asn_p","Asparagine","  ","p","false","C4H8N2O3","C4H8N2O3","C00152","3452","17196"
"M_asn_c","Asparagine","  ","c","false","C4H8N2O3","C4H8N2O3","C00152","3452","17196"
"M_thf_c","THF (tetrahydrofolate)","  ","c","false","C19H23N7O6","C19H23N7O6","C00101","3401","15635"
"M_thf_p","THF (tetrahydrofolate)","  ","p","false","C19H23N7O6","C19H23N7O6","C00101","3401","15635"
"M_fol_p","folate","  ","p","false"," "," ","c00504"," "," "
"M_dhdf_p","7,8-dihydrofolate","  ","p","false","C19H21N7O6"," ","c00415","3705","15633"
"M_aclipoE_p","S-Acetyl-dihydrolipoamide-E","  ","p","false","C10H18NO2S2R","C10H18NO2S2R","C16255","47205563"," "
"M_coa_c","CoA","  ","c","false","C21H36N7O16P3S","C21H36N7O16P3S","C00010","3312","15346"
"M_acca_p","Acetyl CoA","  ","p","false","C23H38N7O17P3S","C23H38N7O17P3S","C0024","3326","15351"
"M_acp_p","ACP (Acyl-carrier protein)","  ","p","false","HSR","HSR","C00229","3528","18359"
"M_acetylacp_p","acetyl-acp","  ","p","false"," "," ","c03939"," "," "
"M_mcoa_p","Malonyl CoA","  ","p","false","C24H38N7O19P3S","C24H38N7O19P3S","C00083","3383","15531"
"M_acet_p","Acetate","  ","p","false","C2H4O2","C2H4O2","C00033","3335","15366"
"M_malonylacp_p","malonyl-acp","  ","p","false"," "," ","c01209"," "," "
"M_aaacp_p","acetoacetyl-acp","  ","p","false"," "," ","C05744"," "," "
"M_hbacp_p","(3R)-3-Hydroxybutanoyl-[acyl-carrier protein]","  ","p","false"," "," ","C04618"," "," "
"M_beacp_p","But-2-enoyl-[acyl-carrier protein]","  ","p","false"," "," ","C04246"," "," "
"M_butacp_p","Butyryl-[acp]","  ","p","false"," "," ","C05745"," "," "
"M_ohacp_p","3-Oxohexanoyl-acp","  ","p","false"," "," ","c05746"," "," "
"M_hhacp_p","(R)-3-Hydroxyhexanoyl-[acp]","  ","p","false"," "," ","C05747"," "," "
"M_thacp_p","trans-Hex-2-enoyl-[acp]","  ","p","false"," "," ","C05748"," "," "
"M_hexacp_p","Hexanoyl-[acp]","  ","p","false"," "," ","C05749"," "," "
"M_ooacp_p","3-Oxooctanoyl-[acp]","  ","p","false"," "," ","C05750"," "," "
"M_hyoacp_p","(3R)-3-Hydroxyoctanoyl-[acp]","  ","p","false"," "," ","C04620"," "," "
"M_to2eacp_p","trans-Oct-2-enoyl-[acp]","  ","p","false"," "," ","C05751"," "," "
"M_ocacp_p","Octanoyl-[acp]","  ","p","false"," "," ","C05752"," "," "
"M_odacp_p","3-Oxodecanoyl-[acp]","  ","p","false"," "," ","C05753"," "," "
"M_hdacp_p","(3R)-3-Hydroxydecanoyl-[acyl-carrier protein]","  ","p","false"," "," ","C04619"," "," "
"M_td2eacp_p","trans-Dec-2-enoyl-[acp]","  ","p","false"," "," ","C05754"," "," "
"M_decacp_p","Decanoyl-[acp]","  ","p","false"," "," ","C05755"," "," "
"M_oxdoacp_p","3-Oxododecanoyl-[acp]","  ","p","false"," "," ","C05756"," "," "
"M_hyddacp_p","(R)-3-Hydroxydodecanoyl-[acp]","  ","p","false"," "," ","C05757"," "," "
"M_dd2eacp_p","trans-Dodec-2-enoyl-[acp]","  ","p","false"," "," ","C05758"," "," "
"M_ddacp_p","Dodecanoyl-[acyl-carrier protein]","  ","p","false"," "," ","C05223"," "," "
"M_otdacp_p","3-Oxotetradecanoyl-[acp]","  ","p","false"," "," ","C05759"," "," "
"M_htdacp_p","(3R)-3-Hydroxytetradecanoyl-[acyl-carrier protein]","  ","p","false"," "," ","C04688"," "," "
"M_tt2eacp_p","trans-Tetradec-2-enoyl-[acp]","  ","p","false"," "," ","C05760"," "," "
"M_tdacp_p","Tetradecanoyl-[acp]","  ","p","false"," "," ","C05761"," "," "
"M_ohdacp_p","3-Oxohexadecanoyl-[acp]","  ","p","false"," "," ","C05762"," "," "
"M_hpacp_p","(3R)-3-Hydroxypalmitoyl-[acyl-carrier protein]","  ","p","false"," "," ","C04633"," "," "
"M_th2eacp_p","trans-Hexadec-2-enoyl-[acp]","  ","p","false"," "," ","C05763"," "," "
"M_hdeacacp_p","Hexadecanoyl-[acp]","  ","p","false"," "," ","C05764"," "," "
"M_ostacp_p","3-Oxostearoyl-[acp]","  ","p","false"," "," ","C16219"," "," "
"M_hotdacp_p","3-Hydroxyoctadecanoyl-[acp]","  ","p","false"," "," ","C16220"," "," "
"M_tod2eacp_p","trans-Octadec-2-enoyl-[acp]","  ","p","false"," "," ","C16221"," "," "
"M_odecacp_p","Octadecanoyl-[acyl-carrier protein]","  ","p","false"," "," ","C04088"," "," "
"M_palm_p","hexadecanoic acid (palmitic acid)","  ","p","false","C16"," ","c00249"," "," "
"M_palmcoa_p","hexadecanoyl-coa","  ","p","false"," "," "," "," "," "
"M_myr_p","tetradecanoic acid (myristic acid)","  ","p","false"," "," ","c06424"," "," "
"M_myrcoa_p","tetradecanoyl-coa","  ","p","false"," "," "," "," "," "
"M_glyt_p","D-Glycerate","  ","p","false","C3H6O4","C3H6O4","C00258","3557","32398"
"M_gald_p","D-Glyceraldehyde","  ","p","false","C3H6O3","C3H6O3","C00577","3856","17378"
"M_glyc_p","Glycerol","  ","p","false","C3H8O3","C3H8O3","C00116","3416","17754"
"M_glyl3p_p","sn-Glycerol 3-phosphate","  ","p","false","C3H9O6P","C3H9O6P","C00093","3393","15978"
"M_acp_c","ACP (Acyl-carrier protein)","  ","c","false","HSR","HSR","C00229","3528","18359"
"M_ag3pi_p","1-Acyl-sn-glycerol 3-phosphate","  ","p","false","C4H8O7PR","C4H8O7PR","C00681","3950","16975"
"M_dag3pi_p","1,2 Diacyl-sn-glycerol 3-phospate","  ","p","false","C5H7O8PR2","C5H7O8PR2","C00416","3706","16337"
"M_dag12_p","1,2-Diacyl-sn-glycerol","  ","p","false","C5H6O5R2","C5H6O5R2","C00641","3914","17815"
"M_tag_m","triacylglycerol","  ","m","false","C6H5O6R3","C6H5O6R3","C00422","3712","17855"
"M_h2o_m","H2O","  ","m","false","H2O","H2O","C00001","3303","15377"
"M_cooh_m","carboxylate","  ","m","false","CO2R","CO2R","C00060","3360","35757"
"M_dag_m"," "," ","m","false"," "," "," "," "," "
"M_tag_p","triacylglycerol","  ","p","false","C6H5O6R3","C6H5O6R3","C00422","3712","17855"
"M_dag12_c","1,2-Diacyl-sn-glycerol","  ","c","false","C5H6O5R2","C5H6O5R2","C00641","3914","17815"
"M_datp_p","dATP","  ","p","false","C10H16N5O12P3"," ","C00131"," "," "
"M_dadp_p","dADP","  ","p","false","C10H15N5O9P2"," ","C00206"," "," "
"M_ctp_p"," "," ","p","false","C9H16N3O14P3"," ","C00063"," "," "
"M_cdp_p","CDP","  ","p","false","C9H15N3O11P2","C9H15N3O11P2","c00112","3412","17239"
"M_dctp_p","dCTP","  ","p","false","C9H16N3O13P3"," ","C00458"," "," "
"M_dcdp_p","dCDP","  ","p","false","C9H15N3O10P2","C9H15N3O10P2","c00705","3972"," "
"M_utp_p"," "," ","p","false","C9H15N2O15P3"," ","C00075"," "," "
"M_udp_p","UDP","  ","p","false","C9H14N2O12P2","C9H14N2O12P2","c00015"," "," "
"M_dutp_p","dUTP","  ","p","false","C9H15N2O14P3"," ","C00460"," "," "
"M_dudp_p","dUDP","  ","p","false","C9H14N2O11P2"," ","C01346"," "," "
"M_gtp_p","GTP"," ","p","false","C10H16N5O14P3","C10H16N5O14P3","C00044"," "," "
"M_gdp_p","GDP","  ","p","false","C10H15N5O11P2","C10H15N5O11P2","C00035"," "," "
"M_dgtp_p","dGTP","  ","p","false","C10H16N5O13P3"," ","C00286"," "," "
"M_dgdp_p","dGDP","  ","p","false","C10H15N5O10P2"," ","C00361"," "," "
"M_trnaglu_c","tRNA(Glu)","  ","c","false"," "," ","C01641"," "," "
"M_glutrna_c","L-Glutamyl-tRNA(Glu)","  ","c","false"," "," "," "," "," "
"M_glutrna_p","L-Glutamyl-tRNA(Glu)","  ","p","false"," "," "," "," "," "
"M_trnaglu_p","tRNA(Glu)","  ","p","false"," "," ","C01641"," "," "
"M_glu1sa_p","L-Glutamate 1-semialdehyde","  ","p","false"," "," "," "," "," "
"M_5aop_p","5-Amino-4-oxopentanoate","  ","p","false"," "," "," "," "," "
"M_ppbng_p","porphobilinogen","  ","p","false"," "," "," "," "," "
"M_hmbil_p","Hydroxymethylbilane","  ","p","false"," "," "," "," "," "
"M_uppg3_p","Uroporphyrinogen III","  ","p","false"," "," "," "," "," "
"M_cpppg3_p","coproporphyrinogen III","  ","p","false"," "," "," "," "," "
"M_pppg9_p","Protoporphyrinogen IX","  ","p","false"," "," "," "," "," "
"M_h2o2_p"," "," ","p","false"," "," "," "," "," "
"M_met_p","Methionine","  ","p","false","C5H11NO2S","C5H11NO2S","C00073","3373","16643"
"M_5deoade_p","5'-Deoxyadenosine","  ","p","false"," "," ","c05198"," "," "
"M_ppp9_p","Protoporphyrin","  ","p","false"," "," "," "," "," "
"M_mg2_c","magnesium cation","  ","c","false"," "," "," "," "," "
"M_mg2_p","magnesium cation","  ","p","false"," "," "," "," "," "
"M_mppp9_p","Magnesium protoporphyrin","  ","p","false"," "," ","c03516"," "," "
"M_adlmet_c","S-Adenosyl-L-methionine","  ","c","false","C15H22N6O5S","C15H22N6O5S","C00019","3321","15414"
"M_adlmet_p","S-Adenosyl-L-methionine","  ","p","false","C15H22N6O5S","C15H22N6O5S","C00019","3321","15414"
"M_ahcys_p","S-Adenosyl-L-homocysteine","  ","p","false","C14H20N6O5S","C14H20N6O5S","C00021","3323","16680"
"M_ahcys_c","S-Adenosyl-L-homocysteine","  ","c","false","C14H20N6O5S","C14H20N6O5S","C00021","3323","16680"
"M_aden_c","adenosine","  ","c","false","C10H13N5O4","C10H13N5O4","c00212","3512","16335"
"M_cysth_c","Cystathionine","  ","c","false","C7H14N2O4S","C7H14N2O4S","C02291","5347","17482"
"M_dna_c"," "," ","c","false"," "," "," "," "," "
"M_dna5mc_c","DNA 5-methylcytosine","  ","c","false"," "," ","c02967"," "," "
"M_mppp9me_p","Magnesium protoporphyrin monomethyl ester","  ","p","false"," "," ","c04536"," "," "
"M_hmppp9me_p","13(1)-Hydroxy-magnesium-protoporphyrin IX 13-monomethyl ester","  ","p","false"," "," ","C11829"," "," "
"M_omppp9me_p","13(1)-Oxo-magnesium-protoporphyrin IX 13-monomethyl ester","  ","p","false"," "," ","c11830"," "," "
"M_dvpchlda_p","Divinylprotochlorophyllide a","  ","p","false"," "," ","C11831"," "," "
"M_pchlda_p","Protochlorophyllide","  ","p","false"," "," ","C02880"," "," "
"M_dvchlda_p","Divinyl chlorophyllide a","  ","p","false"," "," ","C11832"," "," "
"M_chlda_p","Chlorophyllide a","  ","p","false"," "," ","C02139"," "," "
"M_pdp_p","phytyl diphosphate","  ","p","false"," "," "," "," "," "
"M_chla_p","chla","  ","p","false","C55"," ","c05306"," "," "
"M_ctp_c"," "," ","c","false","C9H16N3O14P3"," ","C00063"," "," "
"M_cmp_c","CMP","  ","c","false","C9H14N3O8P","C9H14N3O8P","c00055","3357","17361"
"M_cmp_p","CMP","  ","p","false","C9H14N3O8P","C9H14N3O8P","c00055","3357","17361"
"M_dxyl5p_p","1-Deoxy-D-xylulose 5-phosphate","  ","p","false"," "," ","C11437"," "," "
"M_met4p_p","2-C-Methyl-D-erythritol 4-phosphate","  ","p","false"," "," ","c11434"," "," "
"M_cmet4p_p","4-(Cytidine 5'-diphospho)-2-C-methyl-D-erythritol","  ","p","false"," "," ","c11435"," "," "
"M_pcmet4p_p","2-Phospho-4-(cytidine 5'-diphospho)-2-C-methyl-D-erythritol","  ","p","false"," "," ","c11436"," "," "
"M_mecdp_p","2-C-Methyl-D-erythritol 2,4-cyclodiphosphate","  ","p","false"," "," ","c11453"," "," "
"M_hmbdp_p","1-Hydroxy-2-methyl-2-butenyl 4-diphosphate","  ","p","false"," "," ","c11811"," "," "
"M_acca_c","Acetyl CoA","  ","c","false","C23H38N7O17P3S","C23H38N7O17P3S","C0024","3326","15351"
"M_acetotylcoa_c","Acetoacetyl-CoA","  ","c","false","C25H40N7O18P3S","C25H40N7O18P3S","C00332","3626","15345"
"M_hmcoa_c","(S)-3-hydroxy-3-methylglutaryl-CoA","  ","c","false","C27H44N7O20P3S","C27H44N7O20P3S","C00356","3649","15467"
"M_melv_c","(R)-Mevalonate","  ","c","false"," "," ","c00418"," "," "
"M_pmv_c","(R)-5-Phosphomevalonate","  ","c","false"," "," ","c01107"," "," "
"M_dpmv_c","(R)-5-Diphosphomevalonate","  ","c","false"," "," ","c01143"," "," "
"M_ispdp_c","Isopentenyl diphosphate","  ","c","false"," "," ","c00129"," "," "
"M_ispdp_p","Isopentenyl diphosphate","  ","p","false"," "," ","c00129"," "," "
"M_dmpp_p","Dimethylallyl diphosphate","  ","p","false"," "," ","c00235"," "," "
"M_dmpp_c","Dimethylallyl diphosphate","  ","c","false"," "," ","c00235"," "," "
"M_gpp_c","geranyl diphosphate","  ","c","false"," "," ","c00341"," "," "
"M_tfdp_c","trans,trans-Farnesyl diphosphate","  ","c","false"," "," ","c00448"," "," "
"M_ggdp_c","Geranylgeranyl diphosphate","  ","c","false"," "," ","c00353"," "," "
"M_ggdp_p","Geranylgeranyl diphosphate","  ","p","false"," "," ","c00353"," "," "
"M_gpp_p","geranyl diphosphate","  ","p","false"," "," ","c00341"," "," "
"M_tfdp_p","trans,trans-Farnesyl diphosphate","  ","p","false"," "," ","c00448"," "," "
"M_phytol_p","phytol","  ","p","false"," "," "," "," "," "
"M_pmp_p","pyridoxamine phosphate","  ","p","false"," "," "," "," "," "
"M_gtp_c","GTP"," ","c","false","C10H16N5O14P3","C10H16N5O14P3","C00044"," "," "
"M_gdp_c","GDP","  ","c","false","C10H15N5O11P2","C10H15N5O11P2","C00035"," "," "
"M_3pgPi_c","3-Phospho-D-glyceroyl phosphate (glycerate-1,3P)","  ","c","false","C3H8O10P2","C3H8O10P2","C00236","3535","16001"
"M_gly3p_c","Glycerate 3P (3-Phospho-D-glycerate)","  ","c","false","C3H7O7P","C3H7O7P","C00197","3497","17794"
"M_gluc15lac6p_c","D-Glucono-1,5-lactone-6P","  ","c","false","C6H11O9P","C6H11O9P","C01236","4457","16938"
"M_p6gluc_c","6-Phospho-D-gluconate","  ","c","false","C6H13O10P","C6H13O10P","C00345","3638","48928"
"M_h2o2_c"," "," ","c","false"," "," "," "," "," "
"M_glut_c","glutathione","  ","c","false","C10H17N3O6S","C10H17N3O6S","c00051"," "," "
"M_gssg_c","glutathione disulfide","  ","c","false","C20H32N6O12S2","C20H32N6O12S2","c00127"," "," "
"M_h2o2_m"," "," ","m","false"," "," "," "," "," "
"M_glut_m","glutathione","  ","m","false","C10H17N3O6S","C10H17N3O6S","c00051"," "," "
"M_gssg_m","glutathione disulfide","  ","m","false","C20H32N6O12S2","C20H32N6O12S2","c00127"," "," "
"M_cysgly_c"," "," ","c","false"," "," "," "," "," "
"M_glut_p","glutathione","  ","p","false","C10H17N3O6S","C10H17N3O6S","c00051"," "," "
"M_cysgly_p"," "," ","p","false"," "," "," "," "," "
"M_gly_c","glycine","  ","c","false","C2H5NO2","C2H5NO2","c00037"," "," "
"M_cys_m","Cysteine","  ","m","false","C3H7NO2S","C3H7NO2S","C00097","3397","17561"
"M_glu_m","Glutamate","  ","m","false","C5H9NO4","C5H9NO4","C00025","3327","16015"
"M_atp_m","ATP","-4","m","false","C10H16N5O13P3","C10H12N5O13P3","C00002","3304","15422"
"M_adp_m","ADP","-3","m","false","C10H15N5O10P2","C10H12N5O10P2","C00008","3310","16761"
"M_pi_m","Phosphate","  ","m","false","H3PO4","H3PO4","C00009","3311","18367"
"M_glucys_m","glutamylcysteine","  ","m","false","C8H14N2O5S"," ","c00669"," "," "
"M_glucys_c","glutamylcysteine","  ","c","false","C8H14N2O5S"," ","c00669"," "," "
"M_ru5p_c","Ribulose-5P","  ","c","false","C5H11O8P","C5H11O8P","C00199","3499","17363"
"M_xu5p_c","Xylulose-5P","  ","c","false","C5H11O8P","C5H11O8P","c00231"," "," "
"M_r5p_c","Ribose-5P","  ","c","false","C5H11O8P","C5H11O8P","C00117","3417","17797"
"M_s7p_c","Sedoheptulose-7P","  ","c","false","C7H15O10P","C7H15O10P","C05382","7756","15721"
"M_e4p_c","Erythrose-4P","  ","c","false","C4H9O7P","C4H9O7P","C00279","3574","48153"
"M_gp_c","Glycerone-P (dihydroxyacetone phosphate, DHAP)","  ","c","false","C3H7O6P","C3H7O6P","C00111","3411","16108"
"M_f16p_c","beta-Fructose 1,6-bisphosphate","  ","c","false","C6H14O12P2","C6H14O12P2","C05378","7752","28013"
"M_sh17bp_c","sedoheptulose-1,7-bisphosphate","  ","c","false","C7H16O13P2","C7H16O13P2","c00447"," "," "
"M_r1p_c","Ribose-1P","  ","c","false","C5H11O8P","C5H11O8P","C00620","3894","35425"
"M_gly2p_c","Glycerate 2P (2-Phospho-D-glycerate)","  ","c","false","C3H7O7P","C3H7O7P","C00631","3904","17835"
"M_udp_c","UDP","  ","c","false","C9H14N2O12P2","C9H14N2O12P2","c00015"," "," "
"M_utp_c"," "," ","c","false","C9H15N2O15P3"," ","C00075"," "," "
"M_cdp_c","CDP","  ","c","false","C9H15N3O11P2","C9H15N3O11P2","c00112","3412","17239"
"M_dadp_c","dADP","  ","c","false","C10H15N5O9P2"," ","C00206"," "," "
"M_datp_c","dATP","  ","c","false","C10H16N5O12P3"," ","C00131"," "," "
"M_dgdp_c","dGDP","  ","c","false","C10H15N5O10P2"," ","C00361"," "," "
"M_dgtp_c","dGTP","  ","c","false","C10H16N5O13P3"," ","C00286"," "," "
"M_idp_c","IDP","  ","c","false"," "," "," "," "," "
"M_itp_c","ITP","  ","c","false"," "," "," "," "," "
"M_oh_c","OH","  ","c","false","OH","OH"," "," "," "
"M_glyl3p_c","sn-Glycerol 3-phosphate","  ","c","false","C3H9O6P","C3H9O6P","C00093","3393","15978"
"M_q_m","Ubiquinone (Coenzyme Q)","  ","m","false","C14H18O4(C5H8)n","C14H18O4(C5H8)n","C00399","3689","16389"
"M_qh2_m","Ubiquinol","  ","m","false","C14H20O4(C5H8)n","C14H20O4(C5H8)n","C00390","3680","17976"
"M_h_m","H+","1","m","false","H","H","C00080","3380","15378"
"M_co2_m","co2","  ","m","false","co2","co2"," "," "," "
"M_nadh_m","NADH","  ","m","false","C21H29N7O14P2","C21H29N7O14P2","C00004","3306","16908"
"M_nad_m","NAD+","  ","m","false","C21H28N7O14P2","C21H28N7O14P2","C00003","3305","15846"
"M_ficytc_m","Ferricytochrome c (Cytochrome c3+)","  ","m","false","C42H44FeN8O8S2R4","C42H44FeN8O8S2R4","C00125"," "," "
"M_focytc_m","Ferrocytochrome c (Reduced cytochrome c, Cytochrome c2+)","  ","m","false","C42H44FeN8O8S2R4","C42H53FeN8O6S2","C00126"," "," "
"M_p6gluc_m","6-Phospho-D-gluconate","  ","m","false","C6H13O10P","C6H13O10P","C00345","3638","48928"
"M_2k3dpg_m","2k3dpg","  ","m","false","C6H11O9P","C6H11O9P","c04442"," "," "
"M_g3p_m","Glyceraldehyde 3P, 3-phosphoglycerate","  ","m","false","C3H7O6P","C3H7O6P","C00118","3418","29052"
"M_pyr_m","Pyruvate","-1","m","false","C3H4O3","C3H4O3","C00022","3324","32816"
"M_gp_m","Glycerone-P (dihydroxyacetone phosphate, DHAP)","  ","m","false","C3H7O6P","C3H7O6P","C00111","3411","16108"
"M_3pgPi_m","3-Phospho-D-glyceroyl phosphate (glycerate-1,3P)","  ","m","false","C3H8O10P2","C3H8O10P2","C00236","3535","16001"
"M_gly3p_m","Glycerate 3P (3-Phospho-D-glycerate)","  ","m","false","C3H7O7P","C3H7O7P","C00197","3497","17794"
"M_gly2p_m","Glycerate 2P (2-Phospho-D-glycerate)","  ","m","false","C3H7O7P","C3H7O7P","C00631","3904","17835"
"M_pep_m","Phosphoenolpyruvate","  ","m","false","C3H5O6P","C3H5O6P","C00074","3374","18021 44897"
"M_nadp_m","NADP+","  ","m","false","C21H29N7O17P3","C21H29N7O17P3","C00006","3308","18009"
"M_oxaloacet_m","Oxaloacetate","  ","m","false","C4H4O5","C4H4O5","C00036","3338","30744"
"M_nadph_m","NADPH","  ","m","false","C21H30N7O17P3","C21H30N7O17P3","C00005","3307","16474"
"M_mal_m","Malate","  ","m","false","C4H6O5","C4H6O5","C00149","3449","30797"
"M_lipoE_m","Lipoamide-E","  ","m","false","C8H14NOS2R","C8H14NOS2R","C15972","47205285"," "
"M_aclipoE_m","S-Acetyl-dihydrolipoamide-E","  ","m","false","C10H18NO2S2R","C10H18NO2S2R","C16255","47205563"," "
"M_thpp_m","ThPP","  ","m","false","C12H19N4O7P2S","C12H19N4O7P2S","C00068","3368","9532"
"M_hethpp_m","2-hydroxyethyl-ThPP","  ","m","false","C14H23N4O8P2S","C14H23N4O8P2S","C05125","7546","978"
"M_coa_m","CoA","  ","m","false","C21H36N7O16P3S","C21H36N7O16P3S","C00010","3312","15346"
"M_acca_m","Acetyl CoA","  ","m","false","C23H38N7O17P3S","C23H38N7O17P3S","C0024","3326","15351"
"M_dilipoE_m","Dihydrolipoamide-E","  ","m","false","C8H16NOS2R","C8H16NOS2R","C15973","47205286"," "
"M_dhlp_m","Dihydrolipoylprotein","  ","m","false","C8H16NOS2R","C8H16NOS2R","C02972","5884","16194"
"M_lpp_m","Lipoylprotein","  ","m","false","C8H14NOS2R","C8H14NOS2R","C02051","5140","15804"
"M_oxad_m","2-Oxoadipate","  ","m","false","C6H8O5","C6H8O5","c00322"," "," "
"M_glucoa_m","glutaryl-coa","  ","m","false","C26H42N7O19P3S","C26H42N7O19P3S","c00527"," "," "
"M_cit_m","Citrate","  ","m","false","C6H8O7","C6H8O7","C00158","3458","30769"
"M_isocit_m","isocitrate","  ","m","false","C6H8O7","C6H8O7","C00311","3605","30887"
"M_oxoglut_m","2-Oxoglutarate (alpha-ketoglutaric acid)","  ","m","false","C5H6O5","C5H6O5","C00026","3328","30915"
"M_succoa_m","Succinyl-CoA","  ","m","false","C25H40N7O19P3S","C25H40N7O19P3S","C00091","3391","15380"
"M_sdilipoE_m","S-Succinyl-dihydrolipoamide-E","  ","m","false","C12H20NO4S2R","C12H20NO4S2R","C16254","47205562"," "
"M_cthpp_m","3-Carboxy-1-hydroxypropyl-ThPP","  ","m","false","C16H25N4O10P2S","C16H25N4O10P2S","C05381","7755","1463"
"M_amp_m","amp","  ","m","false","C10H14N5O7P","C10H14N5O7P","C00020"," "," "
"M_gtp_m","GTP"," ","m","false","C10H16N5O14P3","C10H16N5O14P3","C00044"," "," "
"M_gdp_m","GDP","  ","m","false","C10H15N5O11P2","C10H15N5O11P2","C00035"," "," "
"M_dgtp_m","dGTP","  ","m","false","C10H16N5O13P3"," ","C00286"," "," "
"M_dgdp_m","dGDP","  ","m","false","C10H15N5O10P2"," ","C00361"," "," "
"M_datp_m","dATP","  ","m","false","C10H16N5O12P3"," ","C00131"," "," "
"M_dadp_m","dADP","  ","m","false","C10H15N5O9P2"," ","C00206"," "," "
"M_dutp_m","dUTP","  ","m","false","C9H15N2O14P3"," ","C00460"," "," "
"M_dudp_m","dUDP","  ","m","false","C9H14N2O11P2"," ","C01346"," "," "
"M_dctp_m","dCTP","  ","m","false","C9H16N3O13P3"," ","C00458"," "," "
"M_dcdp_m","dCDP","  ","m","false","C9H15N3O10P2","C9H15N3O10P2","c00705","3972"," "
"M_utp_m"," "," ","m","false","C9H15N2O15P3"," ","C00075"," "," "
"M_udp_m","UDP","  ","m","false","C9H14N2O12P2","C9H14N2O12P2","c00015"," "," "
"M_ctp_m"," "," ","m","false","C9H16N3O14P3"," ","C00063"," "," "
"M_cdp_m","CDP","  ","m","false","C9H15N3O11P2","C9H15N3O11P2","c00112","3412","17239"
"M_suc_m","Succinate","  ","m","false","C4H6O4","C4H6O4","C00042","3344","15741"
"M_fum_m","fumarate","  ","m","false","C4H4O4","C4H4O4","C00122","3422","18012"
"M_fum_c","fumarate","  ","c","false","C4H4O4","C4H4O4","C00122","3422","18012"
"M_mal_c","Malate","  ","c","false","C4H6O5","C4H6O5","C00149","3449","30797"
"M_suchom_c","O-Succinyl-L-homoserine","  ","c","false","C8H13NO6","C8H13NO6","C01118","4349","16160"
"M_suchom_m","O-Succinyl-L-homoserine","  ","m","false","C8H13NO6","C8H13NO6","C01118","4349","16160"
"M_cysth_m","Cystathionine","  ","m","false","C7H14N2O4S","C7H14N2O4S","C02291","5347","17482"
"M_h2s_c","Sulfide","  ","c","false","H2S","H2S","C00283","3578","16136"
"M_h2s_m","Sulfide","  ","m","false","H2S","H2S","C00283","3578","16136"
"M_nh3_m","nh3","  ","m","false","nh3","nh3","C00014"," "," "
"M_acethomser_m","O-Acetyl-L-homoserine","  ","m","false","C6H11NO4","C6H11NO4","C01077","4315","16288"
"M_acet_m","Acetate","  ","m","false","C2H4O2","C2H4O2","C00033","3335","15366"
"M_dump_c","dUMP","  ","c","false","C9H13N2O8P"," ","c00365"," "," "
"M_dump_m","dUMP","  ","m","false","C9H13N2O8P"," ","c00365"," "," "
"M_dtmp_c"," "," ","c","false","C10H15N2O8P"," ","C00364"," "," "
"M_dtmp_m"," "," ","m","false","C10H15N2O8P"," ","C00364"," "," "
"M_mthf_c","5,10-Methylene-THF","  ","c","false","C20H23N7O6","C20H23N7O6","C00143","3443","1989"
"M_dhdf_c","7,8-dihydrofolate","  ","c","false","C19H21N7O6"," ","c00415","3705","15633"
"M_mthf_m","5,10-Methylene-THF","  ","m","false","C20H23N7O6","C20H23N7O6","C00143","3443","1989"
"M_dhdf_m","7,8-dihydrofolate","  ","m","false","C19H21N7O6"," ","c00415","3705","15633"
"M_510mthf_m","5,10-Methenyl THF","  ","m","false","C20H22N7O6"," ","c00445"," "," "
"M_facid_m","Folinic acid","  ","m","false","C20H23N7O7"," ","c03479"," "," "
"M_fthf_m","10-Formyl-THF","  ","m","false","C20H23N7O7"," ","c00234"," "," "
"M_thf_m","THF (tetrahydrofolate)","  ","m","false","C19H23N7O6","C19H23N7O6","C00101","3401","15635"
"M_form_m","Formate","  ","m","false","CH2O2","CH2O2","C00058","3358","30751"
"M_gly_m","glycine","  ","m","false","C2H5NO2","C2H5NO2","c00037"," "," "
"M_ser_m","L-Serine","  ","m","false","C3H7NO3","C3H7NO3","C00065","3365","17115"
"M_acetylp_m","acetylphosphate","  ","m","false","C2H5O5P"," ","C00227"," "," "
"M_asp_m","Aspartate","  ","m","false","C4H7NO4","C4H7NO4","C00049","3351","17053"
"M_cit_c","Citrate","  ","c","false","C6H8O7","C6H8O7","C00158","3458","30769"
"M_suc_c","Succinate","  ","c","false","C4H6O4","C4H6O4","C00042","3344","15741"
"M_carbmylp_m","carbamoyl-P","  ","m","false","CH4NO5P","CH4NO5P","C00169","3469","17672"
"M_orn_m","ornithine","  ","m","false","C5H12N2O2","C5H12N2O2","C00077","3377","15729"
"M_citl_m","citrulline","  ","m","false","C6H13N3O3","C6H13N3O3","C00327","3621","16349"
"M_citl_c","citrulline","  ","c","false","C6H13N3O3","C6H13N3O3","C00327","3621","16349"
"M_orn_c","ornithine","  ","c","false","C5H12N2O2","C5H12N2O2","C00077","3377","15729"
"M_carbmylp_c","carbamoyl-P","  ","c","false","CH4NO5P","CH4NO5P","C00169","3469","17672"
"M_arg_m","arginine","  ","m","false","C6H14N4O2","C6H14N4O2","C00062","3362","16467"
"M_citl_m_"," "," "," ","false"," "," "," "," "," "
"M_gln_m","glutamine","  ","m","false","C5H10N2O3","C5H10N2O3","C00064","3364","18050"
"M_hpyr_m","Hydroxypyruvate","  ","m","false","C3H4O4","C3H4O4","C00168","3468","30841"
"M_glyt_m","D-Glycerate","  ","m","false","C3H6O4","C3H6O4","C00258","3557","32398"
"M_ala_m","Alanine","  ","m","false","C3H7NO2","C3H7NO2","C00041","3343","16977"
"M_glyx_m","Glyoxylate","  ","m","false","C2H2O3","C2H2O3","C00048","3350","16891"
"M_arg_c","arginine","  ","c","false","C6H14N4O2","C6H14N4O2","C00062","3362","16467"
"M_ser_c","L-Serine","  ","c","false","C3H7NO3","C3H7NO3","C00065","3365","17115"
"M_ala_c","Alanine","  ","c","false","C3H7NO2","C3H7NO2","C00041","3343","16977"
"M_pro_m","Proline","  ","m","false","C5H9NO2","C5H9NO2","C00148","3448","17203"
"M_pro_c","Proline","  ","c","false","C5H9NO2","C5H9NO2","C00148","3448","17203"
"M_val_m","Valine","  ","m","false","C5H11NO2","C5H11NO2","C00183","3483","16414"
"M_val_c","Valine","  ","c","false","C5H11NO2","C5H11NO2","C00183","3483","16414"
"M_form_c","Formate","  ","c","false","CH2O2","CH2O2","C00058","3358","30751"
"M_ser_p","L-Serine","  ","p","false","C3H7NO3","C3H7NO3","C00065","3365","17115"
"M_glyct_m","glycolate","  ","m","false","C2H4O3","C2H4O3","C00160","3460","17497"
"M_samdhlp_m","S-Aminomethyldihydrolipoylprotein","  ","m","false","C9H19N2OS2R"," ","C01242","4463","16882"
"M_plhomos_m","Phospho-L-homoserine","  ","m","false","C4H10NO6P","C4H10NO6P","C01102","4336","15961"
"M_aclipoE_c","S-Acetyl-dihydrolipoamide-E","  ","c","false","C10H18NO2S2R","C10H18NO2S2R","C16255","47205563"," "
"M_dilipoE_c","Dihydrolipoamide-E","  ","c","false","C8H16NOS2R","C8H16NOS2R","C15973","47205286"," "
"M_glu5_m","L-Glutamate-5-semialdehyde","  ","m","false","C5H9NO3","C5H9NO3","C01165","4392","17232"
"M_p5c_m","L-1-Pyrroline-5-carboxylate","  ","m","false","C5H7NO2","C5H7NO2","C03912","6642","371"
"M_oh_m","OH","  ","m","false","OH","OH"," "," "," "
"M_acetylp_c","acetylphosphate","  ","c","false","C2H5O5P"," ","C00227"," "," "
"M_acet_c","Acetate","  ","c","false","C2H4O2","C2H4O2","C00033","3335","15366"
"M_glyx_c","Glyoxylate","  ","c","false","C2H2O3","C2H2O3","C00048","3350","16891"
"M_pglyct_c","2-phosphoglycolate","  ","c","false"," "," ","c00988"," "," "
"M_glyct_c","glycolate","  ","c","false","C2H4O3","C2H4O3","C00160","3460","17497"
"M_glyx_x","Glyoxylate","  ","x","false","C2H2O3","C2H2O3","C00048","3350","16891"
"M_glyx_p","Glyoxylate","  ","p","false","C2H2O3","C2H2O3","C00048","3350","16891"
"M_glyct_x","glycolate","  ","x","false","C2H4O3","C2H4O3","C00160","3460","17497"
"M_glyt_c","D-Glycerate","  ","c","false","C3H6O4","C3H6O4","C00258","3557","32398"
"M_o2_x","O2","  ","x","false","O2","O2","C00007","3309","15379"
"M_h2o2_x"," "," ","x","false"," "," "," "," "," "
"M_acca_x","Acetyl CoA","  ","x","false","C23H38N7O17P3S","C23H38N7O17P3S","C0024","3326","15351"
"M_mal_x","Malate","  ","x","false","C4H6O5","C4H6O5","C00149","3449","30797"
"M_coa_x","CoA","  ","x","false","C21H36N7O16P3S","C21H36N7O16P3S","C00010","3312","15346"
"M_oxaloacet_x","Oxaloacetate","  ","x","false","C4H4O5","C4H4O5","C00036","3338","30744"
"M_h2o_x","H2O","  ","x","false","H2O","H2O","C00001","3303","15377"
"M_h_x","H+","1","x","false","H","H","C00080","3380","15378"
"M_isocit_x","isocitrate","  ","x","false","C6H8O7","C6H8O7","C00311","3605","30887"
"M_suc_x","Succinate","  ","x","false","C4H6O4","C4H6O4","C00042","3344","15741"
"M_cit_x","Citrate","  ","x","false","C6H8O7","C6H8O7","C00158","3458","30769"
"M_hno3_c","nitrate","  ","c","false","HNO3","HNO3","C00244","3543","48107"
"M_imns_c","immunosuccinate","  ","c","false"," "," ","c05840"," "," "
"M_qt_c","quinolinate","  ","c","false"," "," ","c03722"," "," "
"M_qn_c"," "," ","c","false"," "," "," "," "," "
"M_prpp_c","PRPP (5-phosphoribosyl diphosphate)","  ","c","false","C5H13O14P3","C5H13O14P3","C00119","3419","17111"
"M_nrn_c","nicotinate ribonucleotide","  ","c","false"," "," ","c01185"," "," "
"M_nadn_c","nicotinate adenine dinucleotide","  ","c","false"," "," ","c00857"," "," "
"M_argsuc_c","L-Argininosuccinate","  ","c","false","C10H18N4O6","C10H18N4O6","C03406","6235","15682"
"M_urea_c","urea","  ","c","false","CH4N2O","CH4N2O","C00086","3386","16199"
"M_actylglutmt_p","n-acetyl-glutamate","  ","p","false","C7H11NO5","C7H11NO5","C00624","3897","17533 44337"
"M_actylglutmt_c","n-acetyl-glutamate","  ","c","false","C7H11NO5","C7H11NO5","C00624","3897","17533 44337"
"M_actylglutmt_m","n-acetyl-glutamate","  ","m","false","C7H11NO5","C7H11NO5","C00624","3897","17533 44337"
"M_actylglutmylp_c","n-acetyl-glutamyl-P","  ","c","false","C7H12NO8P","C7H12NO8P","C04133","6819","16878"
"M_actylgsem_c","N-Acetyl-glutamate-semialdehyde","  ","c","false","C7H11NO4","C7H11NO4","C01250","4470","16319 29123"
"M_actorn_c","N-Acetylornithine","  ","c","false","C7H14N2O3","C7H14N2O3","C00437","3726","16543"
"M_p5c_c","L-1-Pyrroline-5-carboxylate","  ","c","false","C5H7NO2","C5H7NO2","C03912","6642","371"
"M_glutmylp_c","L-glutamyl-P","  ","c","false","C5H10NO7P","C5H10NO7P","C03287","6144","17798"
"M_glu5_c","L-Glutamate-5-semialdehyde","  ","c","false","C5H9NO3","C5H9NO3","C01165","4392","17232"
"M_p5c_p","L-1-Pyrroline-5-carboxylate","  ","p","false","C5H7NO2","C5H7NO2","C03912","6642","371"
"M_glu5_p","L-Glutamate-5-semialdehyde","  ","p","false","C5H9NO3","C5H9NO3","C01165","4392","17232"
"M_put_c","putrescine","  ","c","false"," "," ","c00134"," "," "
"M_adsmeth_c","S-Adensylmethioninamine","  ","c","false","C14H23N6O3S","C14H23N6O3S","C01137","4368","15625"
"M_met5thad_c","S-Methyl-5'-thioadenosine","  ","c","false","C11H15N5O3S","C11H15N5O3S","C00170","3470","17509"
"M_sper_c","spermidine","  ","c","false"," "," ","c00315"," "," "
"M_sprn_c","spermine","  ","c","false"," "," "," "," "," "
"M_adenine_c","adenine","  ","c","false","C5H5N5","C5H5N5","c00147","3447","16708"
"M_mrib_c","5-Methylthio-D-ribose","  ","c","false"," "," ","c03089"," "," "
"M_mtr1p_c","S-methyl-5-thio-D-ribose-1-phosphate","  ","c","false","C6H13O7PS","C6H13O7PS","C04188","6864","27859"
"M_mtru1p_c","S-methyl-5-thio-D-ribulose-1-phosphate","  ","c","false","C6H13O7PS","C6H13O7PS","C04582","7183","28096"
"M_dm1p_c","2,3-diketo-5-methyl-thiopentyl-1-phosphate","  ","c","false","C6H11O6PS","C6H11O6PS","C15650","17396640","50604"
"M_dkmp_c","1,2-dihydroxy-3-keto-5-methylthiopentene","  ","c","false","C6H10O3S","C6H10O3S","C15606","17396598","49252"
"M_meth2o_c","4-Methylthio2-oxobutanoate","  ","c","false","C5H8O3S","C5H8O3S","C01180","4407","33574"
"M_met_c","Methionine","  ","c","false","C5H11NO2S","C5H11NO2S","C00073","3373","16643"
"M_meth2o_p","4-Methylthio2-oxobutanoate","  ","p","false","C5H8O3S","C5H8O3S","C01180","4407","33574"
"M_guans_c","guanosine","  ","c","false"," "," ","c00387"," "," "
"M_guan_c","guanine","  ","c","false"," "," ","c00242"," "," "
"M_g_c"," "," ","c","false"," "," "," "," "," "
"M_dr1p_c","2-Deoxy-D-ribose 1-phosphate","  ","c","false"," "," ","c00672"," "," "
"M_u_c"," "," ","c","false"," "," "," "," "," "
"M_urac_c","uracil","  ","c","false","C4H4N2O2","C4H4N2O2","c00106","3406","17568"
"M_a_c"," "," ","c","false"," "," "," "," "," "
"M_gmp_c","GMP","  ","c","false"," "," ","c00144"," "," "
"M_damp_c","damp","  ","c","false"," "," ","c00360"," "," "
"M_cyt_c","cytidine","  ","c","false"," "," ","c00475"," "," "
"M_ump_c","UMP","  ","c","false","C9H13N2O9P","C9H13N2O9P","C00105","3405","16695"
"M_urid_c","uridine","  ","c","false"," "," ","c00299"," "," "
"M_imp_c","inosinic acid","  ","c","false"," "," ","c00130"," "," "
"M_inos_c","inosine","  ","c","false"," "," ","c00294"," "," "
"M_thym_c","thymidine","  ","c","false"," "," ","c00214"," "," "
"M_dcmp_c","dCMP","  ","c","false","C9H14N3O7P","C9H14N3O7P","c00239","3538","15918"
"M_c_c"," "," ","c","false"," "," "," "," "," "
"M_dgmp_c","dgmp","  ","c","false"," "," ","c00362"," "," "
"M_aden_m","adenosine","  ","m","false","C10H13N5O4","C10H13N5O4","c00212","3512","16335"
"M_a_m"," "," ","m","false"," "," "," "," "," "
"M_damp_m","damp","  ","m","false"," "," ","c00360"," "," "
"M_cmp_m","CMP","  ","m","false","C9H14N3O8P","C9H14N3O8P","c00055","3357","17361"
"M_cyt_m","cytidine","  ","m","false"," "," ","c00475"," "," "
"M_ump_m","UMP","  ","m","false","C9H13N2O9P","C9H13N2O9P","C00105","3405","16695"
"M_urid_m","uridine","  ","m","false"," "," ","c00299"," "," "
"M_imp_m","inosinic acid","  ","m","false"," "," ","c00130"," "," "
"M_inos_m","inosine","  ","m","false"," "," ","c00294"," "," "
"M_gmp_m","GMP","  ","m","false"," "," ","c00144"," "," "
"M_guans_m","guanosine","  ","m","false"," "," ","c00387"," "," "
"M_thym_m","thymidine","  ","m","false"," "," ","c00214"," "," "
"M_dcmp_m","dCMP","  ","m","false","C9H14N3O7P","C9H14N3O7P","c00239","3538","15918"
"M_c_m"," "," ","m","false"," "," "," "," "," "
"M_dgmp_m","dgmp","  ","m","false"," "," ","c00362"," "," "
"M_g_m"," "," ","m","false"," "," "," "," "," "
"M_u_m"," "," ","m","false"," "," "," "," "," "
"M_hypox_c","hypoxanthine","  ","c","false"," "," ","c00262"," "," "
"M_xmp_c","XMP","  ","c","false"," "," ","c00655"," "," "
"M_xanth_c","xanthine","  ","c","false"," "," ","c00385"," "," "
"M_aspphos_c","L-4-Aspartylphosphate","  ","c","false","C4H8NO7P","C4H8NO7P","C03082","5980","15836"
"M_semiald_c","L-Aspartate 4-semialdehyde","  ","c","false","C4H7NO3","C4H7NO3","C00441","3730","13086 18051"
"M_homos_c","Homoserine","  ","c","false","C4H9NO3","C4H9NO3","C00263","3561","15699"
"M_homos_p","Homoserine","  ","p","false","C4H9NO3","C4H9NO3","C00263","3561","15699"
"M_semiald_p","L-Aspartate 4-semialdehyde","  ","p","false","C4H7NO3","C4H7NO3","C00441","3730","13086 18051"
"M_plhomos_c","Phospho-L-homoserine","  ","c","false","C4H10NO6P","C4H10NO6P","C01102","4336","15961"
"M_acetyde_m","Acetaldehyde","  ","m","false","C2H4O","C2H4O","C00084","3384","15343"
"M_acetyde_c","Acetaldehyde","  ","c","false","C2H4O","C2H4O","C00084","3384","15343"
"M_gly_p","glycine","  ","p","false","C2H5NO2","C2H5NO2","c00037"," "," "
"M_acetyde_p","Acetaldehyde","  ","p","false","C2H4O","C2H4O","C00084","3384","15343"
"M_thr_p","Threonine","  ","p","false","C4H9NO3","C4H9NO3","C00188","3488","16857"
"M_3phpyr_c","3P-Hydroxypyruvate","  ","c","false","C3H5O7P","C3H5O7P","C03232","6103","30933"
"M_3phpyr_m","3P-Hydroxypyruvate","  ","m","false","C3H5O7P","C3H5O7P","C03232","6103","30933"
"M_3phpyr_p","3P-Hydroxypyruvate","  ","p","false","C3H5O7P","C3H5O7P","C03232","6103","30933"
"M_hydrxglut_c","2-Hydroxyglutarate","  ","c","false","C5H8O5","C5H8O5","c02630","5610","17084"
"M_pser_c","Phosphoserine","  ","c","false","C3H8NO6P","C3H8NO6P","C01005","4251","15811"
"M_phydrx_c","O-Phospho-4-hydroxy-L-threonine","  ","c","false","C4H10NO7P","C4H10NO7P","c06055","8325","18336"
"M_oxhydrx_c","2-Oxo-3-hydroxy-4-phosphobutanoate","  ","c","false","C4H7O8P","C4H7O8P","c06054","8324","27951"
"M_indgp_c","(3-indoyl)-glycerolphosphate","  ","c","false","C11H14NO6P","C11H14NO6P","C03506","6317","18299 51793"
"M_trp_c","Tryptophan","  ","c","false","C11H12N2O2","C11H12N2O2","C00078","3378","16828"
"M_ind_c","indole","  ","c","false","C8H7N","C8H7N","C00463","3747","16881"
"M_acethomser_c","O-Acetyl-L-homoserine","  ","c","false","C6H11NO4","C6H11NO4","C01077","4315","16288"
"M_metthiol_c","Methanethiol","  ","c","false"," "," ","c00409"," "," "
"M_sulf_c","sulfate","  ","c","false","H2SO4","H2SO4","C00059","3359","16189"
"M_asulf_c","adenylyl sulfate","  ","c","false"," "," ","c00224"," "," "
"M_paps_c","3'-Phosphoadenylyl sulfate","  ","c","false"," "," ","c00053"," "," "
"M_thrdx_c","theoredoxin","  ","c","false","C10H14N4O4S2R4","C10H14N4O4S2R4","c00342","3635","15967"
"M_thrdxdis_c","Thioredoxin disulfide","  ","c","false","C10H12N4O4S2R4","C10H12N4O4S2R4","c00343","3636","18191"
"M_sulft_c","sulfite","  ","c","false"," "," ","c00094"," "," "
"M_pap_c","Adenosine 3',5'-bisphosphate","  ","c","false"," "," ","c00054"," "," "
"M_sulft_p","sulfite","  ","p","false"," "," ","c00094"," "," "
"M_h2s_p","Sulfide","  ","p","false","H2S","H2S","C00283","3578","16136"
"M_acetser_p","O-Acetyl-L-serine","  ","p","false","C5H9NO4","C5H9NO4","C00979","4228","17981"
"M_2ab2e_c","2-Aminobut-2-enoate","  ","c","false"," "," ","c17234"," "," "
"M_s2acetlac_c","(S)-2-acetolactate","  ","c","false","C5H8O4","C5H8O4","C06010","8282","18409"
"M_dihyd3mebut_c","(R)-2,3-dihydroxy-3-methylbutanoate, 2,3-dihydroxy-isovalerate","  ","c","false","C5H10O4","C5H10O4","C04272","6935","15684 49072"
"M_3me2oxobut_c","3-Methyl-2-oxobutanoate","  ","c","false","C5H8O3","C5H8O3","C00141","3441","11851 16530"
"M_3me2oxobut_p","3-Methyl-2-oxobutanoate","  ","p","false","C5H8O3","C5H8O3","C00141","3441","11851 16530"
"M_val_p","Valine","  ","p","false","C5H11NO2","C5H11NO2","C00183","3483","16414"
"M_3me2oxobut_m","3-Methyl-2-oxobutanoate","  ","m","false","C5H8O3","C5H8O3","C00141","3441","11851 16530"
"M_2dhp_m","2-Dehydropantoate","  ","m","false"," "," ","c00966"," "," "
"M_2dhp_c","2-Dehydropantoate","  ","c","false"," "," ","c00966"," "," "
"M_pant_c","pantoate","  ","c","false"," "," ","c00522"," "," "
"M_sprn_m","spermine","  ","m","false"," "," "," "," "," "
"M_sper_m","spermidine","  ","m","false"," "," ","c00315"," "," "
"M_aproa_m","3-aminopropanal","  ","m","false"," "," ","c15556"," "," "
"M_alab_m","beta-alanine","  ","m","false"," "," ","c00099"," "," "
"M_pant_m","pantoate","  ","m","false"," "," ","c00522"," "," "
"M_ppi_m","Pyrophosphate","  ","m","false","P2H4O7","P2H4O7","C00013","3315","18361 29888"
"M_pnto_m","pantothenate","  ","m","false"," "," ","c00864"," "," "
"M_pnto_c","pantothenate","  ","c","false"," "," ","c00864"," "," "
"M_4ppan_c","D-4'-Phosphopantothenate","  ","c","false"," "," ","c03492"," "," "
"M_4ppcys_c","(R)-4'-Phosphopantothenoyl-L-cysteine","  ","c","false"," "," ","c04352"," "," "
"M_pan4p_c","Pantetheine 4'-phosphate","  ","c","false"," "," ","c01134"," "," "
"M_dpcoa_c","dephospho-coa","  ","c","false"," "," ","c00882"," "," "
"M_apoacp_c"," ","  ","c","false"," "," ","c03688"," "," "
"M_s2acet2hbut_c","(s)-2-aceto-2-hydroxybutanoate","  ","c","false","C5H8O5","C5H8O5","C06006","8279","27681 49256"
"M_3h3me2oxpen_c",".","  ","c","false","C6H10O4","C6H10O4","C14463","17395463","34008 49257"
"M_dh3mpen_c","(R)-2,3-dihydroxy-3-methylpentanoate","  ","c","false","C6H12O4","C6H12O4","C06007","8280","27512 49258"
"M_3met2oxp_c","(S)-3-Methyl-2-oxopentanoate","  ","c","false","C6H10O3","C6H10O3","C00671","3940","15614"
"M_3met2oxp_p","(S)-3-Methyl-2-oxopentanoate","  ","p","false","C6H10O3","C6H10O3","C00671","3940","15614"
"M_ile_p","Isoleucine","  ","p","false","C6H13NO2","C6H13NO2","C00407","3697","17191"
"M_3met2oxp_m","(S)-3-Methyl-2-oxopentanoate","  ","m","false","C6H10O3","C6H10O3","C00671","3940","15614"
"M_ile_m","Isoleucine","  ","m","false","C6H13NO2","C6H13NO2","C00407","3697","17191"
"M_ile_c","Isoleucine","  ","c","false","C6H13NO2","C6H13NO2","C00407","3697","17191"
"M_2ipm_p","(2S)-2-Isopropylmalate","  ","p","false","C7H12O5","C7H12O5","C02504","5516","1178 35128"
"M_2ipm_c","(2S)-2-Isopropylmalate","  ","c","false","C7H12O5","C7H12O5","C02504","5516","1178 35128"
"M_isopm_c","2-isopropylmaleate","  ","c","false","C7H10O4","C7H10O4","C02631","5611","17275"
"M_3isopm_c","(2R,3S)-3-Isopropylmalate","  ","c","false","C7H12O5","C7H12O5","C04411","7045","35121"
"M_2isop2oxs_c","(2S)-2-Isopropyl-3-oxosuccinate","  ","c","false","C7H10O5","C7H10O5","C04236","6905","1467"
"M_met2oxopen_c","4-Methyl-2-oxopentanoate","  ","c","false","C6H10O3","C6H10O3","C00233","3532","48430"
"M_met2oxopen_p","4-Methyl-2-oxopentanoate","  ","p","false","C6H10O3","C6H10O3","C00233","3532","48430"
"M_leu_p","Leucine","  ","p","false","C6H13NO2","C6H13NO2","C00123","3423","15603"
"M_met2oxopen_m","4-Methyl-2-oxopentanoate","  ","m","false","C6H10O3","C6H10O3","C00233","3532","48430"
"M_leu_m","Leucine","  ","m","false","C6H13NO2","C6H13NO2","C00123","3423","15603"
"M_leu_c","Leucine","  ","c","false","C6H13NO2","C6H13NO2","C00123","3423","15603"
"M_mhthpp_m","2-Methyl-1-hydroxypropyl-ThPP","  ","m","false","C16H27N4O8P2S","C16H27N4O8P2S","C15976","47205289"," "
"M_mdlipoe_m"," "," ","m","false"," "," "," "," "," "
"M_mhbthpp_m","3-Methyl-1-hydroxybutyl-ThPP","  ","m","false","C17H29N4O8P2S","C17H29N4O8P2S","C15974","472025287"," "
"M_mbdilipoE_m","S-(3-Methylbutanoyl)-dihydrolipoamide-E","  ","m","false","C13H24NO2S2R","C13H24NO2S2R","C15975","47205288"," "
"M_mhbuthpp_m","2-Methyl-1-hydroxybutyl-ThPP","  ","m","false","C17H29N4O8P2S","C17H29N4O8P2S","C15978","47205291"," "
"M_2mbdilipoe_m","S-(2-Methylbutanoyl)-dihydrolipoamide-E","  ","m","false","C13H24NO2S2R","C13H24NO2S2R","C15979","47205292"," "
"M_thpp_c","ThPP","  ","c","false","C12H19N4O7P2S","C12H19N4O7P2S","C00068","3368","9532"
"M_mhthpp_c","2-Methyl-1-hydroxypropyl-ThPP","  ","c","false","C16H27N4O8P2S","C16H27N4O8P2S","C15976","47205289"," "
"M_lipoE_c","Lipoamide-E","  ","c","false","C8H14NOS2R","C8H14NOS2R","C15972","47205285"," "
"M_mdlipoe_c"," "," ","c","false"," "," "," "," "," "
"M_mhbthpp_c","3-Methyl-1-hydroxybutyl-ThPP","  ","c","false","C17H29N4O8P2S","C17H29N4O8P2S","C15974","472025287"," "
"M_mbdilipoE_c","S-(3-Methylbutanoyl)-dihydrolipoamide-E","  ","c","false","C13H24NO2S2R","C13H24NO2S2R","C15975","47205288"," "
"M_mhbuthpp_c","2-Methyl-1-hydroxybutyl-ThPP","  ","c","false","C17H29N4O8P2S","C17H29N4O8P2S","C15978","47205291"," "
"M_2mbdilipoe_c","S-(2-Methylbutanoyl)-dihydrolipoamide-E","  ","c","false","C13H24NO2S2R","C13H24NO2S2R","C15979","47205292"," "
"M_mdilipoe_c","S-(2-Methylpropanoyl)-dihydrolipoamide-E","  ","c","false","C12H22NO2S2R","C12H22NO2S2R","C15977","47205290"," "
"M_en6l_c","Enzyme N6-(dihydrolipoyl)lysine","  ","c","false","C8H16NOS2R","C8H16NOS2R","c15973"," "," "
"M_icoa_c","isobutyryl-CoA","  ","c","false","C25H42N7O17P3S","C25H42N7O17P3S","C00630","3903","15479"
"M_mbcoa_c","(S)-2-Methylbutanoyl-CoA","  ","c","false","C26H44N7O17P3S","C26H44N7O17P3S","C15980","47205293"," "
"M_3mbcoa_c","3-Methylbutanoyl-CoA","  ","c","false","C26H44N7O17P3S","C26H44N7O17P3S","C02939","5858","15487"
"M_3mbcoa_m","3-Methylbutanoyl-CoA","  ","m","false","C26H44N7O17P3S","C26H44N7O17P3S","C02939","5858","15487"
"M_fad_m","FAD","  ","m","false","C27H33N9O15P2","C27H33N9O15P2","c00016"," "," "
"M_mbecoa_m","3-Methylbut-2-enoyl-CoA","  ","m","false","C26H42N7O17P3S","C26H42N7O17P3S","C03069","5969","15486"
"M_fadh2_m","FADH2","  ","m","false","C27H35N9O15P2","C27H35N9O15P2","c01352"," "," "
"M_dipico_c","L-2,3-Dihydrodipicolinate","  ","c","false","C7H7NO4","C7H7NO4","C03340","6183","18042"
"M_tetpic_c","L-2,3,4,5-tetrahydrodipicolinate","  ","c","false","C7H9NO4","C7H9NO4","C03972","692","864"
"M_ll_c","LL-2,6-Diaminopimelate","  ","c","false","C7H14N2O4","C7H14N2O4","C00666","3935","16026"
"M_meso_c","meso-2,6-diaminopimelate","  ","c","false","C7H14N2O4","C7H14N2O4","C00680","3949","16488 30308"
"M_lys_c","Lysine","  ","c","false","C6H14N2O2","C6H14N2O2","C00047","3349","18019"
"M_lys_m","Lysine","  ","m","false","C6H14N2O2","C6H14N2O2","C00047","3349","18019"
"M_sacc_m","L-Saccharopine","  ","m","false","C11H20N2O6","C11H20N2O6","C00449","3737","16927"
"M_ally_m","Allysine","  ","m","false","C6H11NO3","C6H11NO3","c04076","6771","17917"
"M_amadp_m","l-2-aminoadipate","  ","m","false","C6H11NO4"," ","c00956"," "," "
"M_gdlipoE_m","S-glutaryldihydrolipoamide-E","  ","m","false","C13H22NO4S2R","C13H22NO4S2R","c06157"," "," "
"M_but2enoyl_coa_m","trans-But-2-enoyl-CoA","  ","m","false","C25H40N7O17P3S","C25H40N7O17P3S","C00877","4133","15473 36926"
"M_3hydrobut_coa_m","(s)-3-Hydroxy-butanoyl-CoA","  ","m","false","C25H42N7O18P3S","C25H42N7O18P3S","C01144","4375","15453"
"M_but2enoyl_coa_c","trans-But-2-enoyl-CoA","  ","c","false","C25H40N7O17P3S","C25H40N7O17P3S","C00877","4133","15473 36926"
"M_3hydrobut_coa_c","(s)-3-Hydroxy-butanoyl-CoA","  ","c","false","C25H42N7O18P3S","C25H42N7O18P3S","C01144","4375","15453"
"M_actcoa_m","acetoacetyl-CoA","  ","m","false","C25H40N7O18P3S","C25H40N7O18P3S","C00332","3626","15345"
"M_actcoa_c","acetoacetyl-CoA","  ","c","false","C25H40N7O18P3S","C25H40N7O18P3S","C00332","3626","15345"
"M_aproa_c","3-aminopropanal","  ","c","false"," "," ","c15556"," "," "
"M_drpp_c","2,5-Diamino-6-(5-phospho-D-ribosylamino)pyrimidin-4(3H)-one","  ","c","false"," "," ","c01304"," "," "
"M_armp_c","5-Amino-6-(5'-phosphoribosylamino)uracil","  ","c","false"," "," ","c01268"," "," "
"M_armp_m","5-Amino-6-(5'-phosphoribosylamino)uracil","  ","m","false"," "," ","c01268"," "," "
"M_amu_m","5-Amino-6-(5'-phospho-D-ribitylamino)uracil","  ","m","false"," "," ","c04454"," "," "
"M_amu_c","5-Amino-6-(5'-phospho-D-ribitylamino)uracil","  ","c","false"," "," ","c04454"," "," "
"M_aru_c","5-Amino-6-(1-D-ribitylamino)uracil","  ","c","false"," "," ","c04732"," "," "
"M_dlum_c","6,7-Dimethyl-8-(D-ribityl)lumazine","  ","c","false"," "," ","c04332"," "," "
"M_rbv_c","roboflavin","  ","c","false"," "," ","c00255"," "," "
"M_fmn_c","FMN","  ","c","false"," "," ","c00061"," "," "
"M_fad_c","FAD","  ","c","false","C27H33N9O15P2","C27H33N9O15P2","c00016"," "," "
"M_fadh2_c","FADH2","  ","c","false","C27H35N9O15P2","C27H35N9O15P2","c01352"," "," "
"M_d3da_c","7p-2-dehydro-3-deoxy-D-arabinoheptonate","  ","c","false","C7H13O10P","C7H13O10P","C04691","7271","18150"
"M_dhdq_c","3-dehydroquinate","  ","c","false","C7H10O6","C7H10O6","C00944","4196","17947 32364"
"M_dhdsk_c","3-dehydroshikimate","  ","c","false","C7H8O5","C7H8O5","C02637","5617","30918"
"M_shik_c","shikimate","  ","c","false","C7H10O5","C7H10O5","C00493","3776","16119"
"M_shik3p_c","shikimate-3-phosphate","  ","c","false","C7H11O8P","C7H11O8P","C03175","6057","17052"
"M_c3pshik_c","5-O-(1-Carboxyvinyl)-3-phosphoshikimate","  ","c","false","C10H13O10P","C10H13O10P","C01269","4488","16257"
"M_chor_c","Chorismate","  ","c","false","C10H10O6","C10H10O6","C00251","3550","17333"
"M_prephte_c","prephenate","  ","c","false","C10H10O6","C10H10O6","C00254","3553","16666"
"M_hyppyr_c","4-Hydroxyphenylpyruvate","  ","c","false","C9H8O4","C9H8O4","C01179","4406","15999"
"M_phnypyr_c","phenylpyruvate","  ","c","false","C9H8O3","C9H8O3","C00166","3466","30851"
"M_phnypyr_p","phenylpyruvate","  ","p","false","C9H8O3","C9H8O3","C00166","3466","30851"
"M_phnyala_p","phenylalanine","  ","p","false","C9H11NO2","C9H11NO2","C00079","3379","17295"
"M_phnypyr_m","phenylpyruvate","  ","m","false","C9H8O3","C9H8O3","C00166","3466","30851"
"M_phnyala_m","phenylalanine","  ","m","false","C9H11NO2","C9H11NO2","C00079","3379","17295"
"M_phnyala_c","phenylalanine","  ","c","false","C9H11NO2","C9H11NO2","C00079","3379","17295"
"M_hyppyr_m","4-Hydroxyphenylpyruvate","  ","m","false","C9H8O4","C9H8O4","C01179","4406","15999"
"M_tyr_m","tyrosine","  ","m","false","C9H11NO3","C9H11NO3","C00082","3382","17895"
"M_tyr_c","tyrosine","  ","c","false","C9H11NO3","C9H11NO3","C00082","3382","17895"
"M_tyr_p","tyrosine","  ","p","false","C9H11NO3","C9H11NO3","C00082","3382","17895"
"M_hyppyr_p","4-Hydroxyphenylpyruvate","  ","p","false","C9H8O4","C9H8O4","C01179","4406","15999"
"M_thbt_c","tetrahydrobiopterin","  ","c","false"," "," ","c00272"," "," "
"M_hthbt_c","4a-Hydroxytetrahydrobiopterin","  ","c","false"," "," ","c15522"," "," "
"M_dhthbt_c","Dihydrobiopterin","  ","c","false"," "," ","c00268"," "," "
"M_anthr_c","anthranilate","  ","c","false","C7H7NO2","C7H7NO2","C00108","3408","30754"
"M_n5pra_c","N-(5-phospho-beta-D-riboyl)-anthranilate","  ","c","false","C12H16NO9P","C12H16NO9P","C04302","6961","7091"
"M_cdrp_c","1-(2-carboxyphenylamino)-1-deoxy-D-ribulose 5-phosphate","  ","c","false"," "," ","c01302"," "," "
"M_phosphribatp_c","phosphoribosyl-ATP","  ","c","false","C15H25N5O20P4","C15H25N5O20P4","C02739","5699","18263"
"M_phosphribamp_c","phosphoribosyl-AMP","  ","c","false","C15H23N5O14P2","C15H23N5O14P2","C02741","5701","18374"
"M_phosphformp_c","phosphoribosyl-formimino-AICAR-P","  ","c","false","C15H25N5O15P2","C15H25N5O15P2","C04896","7447","18302"
"M_phosphribuformp_c","Phosphoribulosyl-formimino-AICAR-P","  ","c","false","C15H25N5O15P2","C15H25N5O15P2","C04916","7464","27735"
"M_deig3p_c","D-erythro-Imidazole-glycerol-3P","  ","c","false","C6H11N2O6P","C6H11N2O6P","C04666","7249","17805"
"M_aicar_c","aicar","  ","c","false"," "," ","c04677"," "," "
"M_imacetp_c","Imidazole-acetol-P","  ","c","false","C6H9N2O5P","C6H9N2O5P","C01267","4486","16426"
"M_lhisolp_c","L-histidinol-P","  ","c","false","C6H12N3O4P","C6H12N3O4P","C01100","4334","16996"
"M_histol_c","L-Histidinol","  ","c","false","C6H11N3O","C6H11N3O","C00860","4117","16255"
"M_his_c","Histidine","  ","c","false","C6H9N3O2","C6H9N3O2","C00135","3435","15971"
"M_succoa_c","Succinyl-CoA","  ","c","false","C25H40N7O19P3S","C25H40N7O19P3S","C00091","3391","15380"
"M_suc_p","Succinate","  ","p","false","C4H6O4","C4H6O4","C00042","3344","15741"
"M_rfdx_c","reduced ferredoxin","  ","c","false"," "," ","c00138","3438","17513"
"M_ofdx_c","oxidized ferredoxin","  ","c","false"," "," ","c00139","3439","17908"
"M_5mthf_c","5-methyltetrahydrofolate","  ","c","false","C20H25N7O6","C20H25N7O6","c00440"," "," "
"M_510mthf_c","5,10-Methenyl THF","  ","c","false","C20H22N7O6"," ","c00445"," "," "
"M_agal_c","UDP-alpha-D-galactose","  ","c","false"," "," ","c00052"," "," "
"M_mgdg_c","1,2-Diacyl-3-beta-D-galactosyl-sn-glycerol","  ","c","false","C11H16O10R2","C11H16O10R2","C03692","6466","17615"
"M_mgdg_m","1,2-Diacyl-3-beta-D-galactosyl-sn-glycerol","  ","m","false","C11H16O10R2","C11H16O10R2","C03692","6466","17615"
"M_agal_m","UDP-alpha-D-galactose","  ","m","false"," "," ","c00052"," "," "
"M_dgdg_m","digalactosyl-diacylglycerol","  ","m","false"," "," ","c06037"," "," "
"M_dgdg_c","digalactosyl-diacylglycerol","  ","c","false"," "," ","c06037"," "," "
"M_udpsq_c","UDP-6-sulfoquinovose","  ","c","false"," "," ","c11521"," "," "
"M_sqdg_c","sulfoquinovosyldiacylglycerol","  ","c","false"," "," ","c13508"," "," "
"M_udpglc_m","UDP-glucose","  ","m","false","C15H24N2O17P2","C15H24N2O17P2","C00029","3331","18066 52249"
"M_udpglc_c","UDP-glucose","  ","c","false","C15H24N2O17P2","C15H24N2O17P2","C00029","3331","18066 52249"
"M_udpglc_p","UDP-glucose","  ","p","false","C15H24N2O17P2","C15H24N2O17P2","C00029","3331","18066 52249"
"M_acylcoa_c","Acyl-CoA","  ","c","false","C22H35N7O17P3SR","C22H35N7O17P3SR","C00040","3342","17984"
"M_agpi_c","acylglycerone phosphate","  ","c","false"," "," ","c03372"," "," "
"M_agpi_m","acylglycerone phosphate","  ","m","false"," "," ","c03372"," "," "
"M_ag3pi_m","1-Acyl-sn-glycerol 3-phosphate","  ","m","false","C4H8O7PR","C4H8O7PR","C00681","3950","16975"
"M_acylcoa_m","Acyl-CoA","  ","m","false","C22H35N7O17P3SR","C22H35N7O17P3SR","C00040","3342","17984"
"M_dag3pi_m","1,2 Diacyl-sn-glycerol 3-phospate","  ","m","false","C5H7O8PR2","C5H7O8PR2","C00416","3706","16337"
"M_ag3pi_c","1-Acyl-sn-glycerol 3-phosphate","  ","c","false","C4H8O7PR","C4H8O7PR","C00681","3950","16975"
"M_dag3pi_c","1,2 Diacyl-sn-glycerol 3-phospate","  ","c","false","C5H7O8PR2","C5H7O8PR2","C00416","3706","16337"
"M_ch_c","choline","  ","c","false"," "," ","c00114"," "," "
"M_chp_c"," "," ","c","false"," "," "," "," "," "
"M_cdpch_c","CDP-choline","  ","c","false"," "," ","c00307"," "," "
"M_ppc_c","phosphatidycholine","  ","c","false"," "," ","c00157"," "," "
"M_pheth_c","phosphatidylethanolamine","  ","c","false"," "," ","c00350"," "," "
"M_etn_c","ethanolamine","  ","c","false"," "," ","c00189"," "," "
"M_cdpet_c","CDP-ethanolamine","  ","c","false"," "," ","c00570"," "," "
"M_cooh_p","carboxylate","  ","p","false","CO2R","CO2R","C00060","3360","35757"
"M_5pr_c","5-phospho-ribosylamine","  ","c","false","C5H12NO7P","C5H12NO7P","C03090","5988","37737"
"M_gar_c","Glycinamide ribonucleotide","  ","c","false"," "," ","c03838"," "," "
"M_fthf_c","10-Formyl-THF","  ","c","false","C20H23N7O7"," ","c00234"," "," "
"M_faicar_c","FAICAR","  ","c","false"," "," ","c04734"," "," "
"M_facid_c","Folinic acid","  ","c","false","C20H23N7O7"," ","c03479"," "," "
"M_dms_c","dimethylsulfide","  ","c","false"," "," ","c00580"," "," "
"M_tmsm_c","trimethyl sulfonium","  ","c","false"," "," ","c01008"," "," "
"M_dhntp_c","7,8-dihydroneopterin triphosphate","  ","c","false"," "," ","c04895"," "," "
"M_fnt_c","Formamidopyrimidine nucleoside triphosphate","  ","c","false"," "," ","c05922"," "," "
"M_dnt_c","2,5-Diaminopyrimidine nucleoside triphosphate","  ","c","false"," "," ","c05923"," "," "
"M_dao_c","2,5-Diamino-6-(5'-triphosphoryl-3',4'-trihydroxy-2'-oxopentyl)-amino-4-oxopyrimidine","  ","c","false"," "," ","c06148"," "," "
"M_dhn_c","7,8-dihydroneopterin ","  ","p","false"," "," ","c04874"," "," "
"M_dhnp_c","dihydroneopterin phosphate","  ","c","false"," "," ","c05925"," "," "
"M_hmdh_c","6-hydroxymethyl-7,8-dihydropterin","  ","c","false"," "," ","c01300"," "," "
"M_gald_c","D-Glyceraldehyde","  ","c","false","C3H6O3","C3H6O3","C00577","3856","17378"
"M_dhnpp_c","7,8-Dihydropterin pyrophosphate","  ","c","false"," "," ","c04807"," "," "
"M_adchor_c","4-amino-4-deoxychorismate","  ","c","false"," "," ","c11355"," "," "
"M_abee_c","4-aminobenzoate","  ","c","false"," "," ","c00568"," "," "
"M_dht_c","2'-Deoxy-5-hydroxymethylcytidine-5'-triphosphate","  ","c","false","C10H18N3O14P3","C10H18N3O14P3","c11039","13222","836"
"M_fthfglu_c","10-Formyl-THF-L-glutamate","  ","c","false"," "," ","c05928"," "," "
"M_sfglut_c","S-formylglutathione","  ","c","false"," "," ","c01031"," "," "
"M_ptht_c","6-pyruvoyl tetrahydropterin","  ","c","false"," "," ","c03684"," "," "
"M_pppi_c","pppi","  ","c","false"," "," ","c00536"," "," "
"M_dhbpt_c","dihydrobiopterin","  ","c","false"," "," ","c02953"," "," "
"M_shglut_c","S-hydroxymethylglutathione","  ","c","false"," "," ","c14180"," "," "
"M_for_c","formaldehyde","  ","c","false"," "," ","c00067"," "," "
"M_fgar_c","N-formyl-GAR","  ","c","false"," "," ","c04376"," "," "
"M_fgam_c","fgam","  ","c","false"," "," ","c04640"," "," "
"M_air_c","aminoimidazole ribotide","  ","c","false"," "," ","c03373"," "," "
"M_cair_c","5-amino-1-(5-phospho-D-ribosyl)imidazole-4-carboxylate","  ","c","false"," "," ","c04751"," "," "
"M_saicar_c","SAICAR","  ","c","false"," "," ","c04823"," "," "
"M_dcdp_c","dCDP","  ","c","false","C9H15N3O10P2","C9H15N3O10P2","c00705","3972"," "
"M_dudp_c","dUDP","  ","c","false","C9H14N2O11P2"," ","C01346"," "," "
"M_dutp_c","dUTP","  ","c","false","C9H15N2O14P3"," ","C00460"," "," "
"M_dctp_c","dCTP","  ","c","false","C9H16N3O13P3"," ","C00458"," "," "
"M_adsucc_c","Adenylsuccinate","  ","c","false","C14H18N5O11P","C14H18N5O11P","C03794","6453","15919"
"M_damp_p","damp","  ","p","false"," "," ","c00360"," "," "
"M_dtdp_c","dtdp","  ","c","false"," "," ","c00363"," "," "
"M_dttp_c","dttp","  ","c","false"," "," ","c00459"," "," "
"M_carbasp_c","N-carbamoylaspartate","  ","c","false","C5H8N2O5","C5H8N2O5","C00438","3727","15859"
"M_dhydrrt_c","(S)-Dihydroorotate","  ","c","false","C5H6N2O4","C5H6N2O4","C00337","3630","17025"
"M_orot_c","orotate","  ","c","false","C5H4N2O4","C5H4N2O4","C00295","3589","16742"
"M_orot_p","orotate","  ","p","false","C5H4N2O4","C5H4N2O4","C00295","3589","16742"
"M_orot_m","orotate","  ","m","false","C5H4N2O4","C5H4N2O4","C00295","3589","16742"
"M_dhydrrt_p","(S)-Dihydroorotate","  ","p","false","C5H6N2O4","C5H6N2O4","C00337","3630","17025"
"M_fum_p","fumarate","  ","p","false","C4H4O4","C4H4O4","C00122","3422","18012"
"M_dhydrrt_m","(S)-Dihydroorotate","  ","m","false","C5H6N2O4","C5H6N2O4","C00337","3630","17025"
"M_quin_m","quinone","  ","m","false"," "," ","c15602"," "," "
"M_hquin_m","hydroquinone","  ","m","false"," "," ","c15603"," "," "
"M_quin_c","quinone","  ","c","false"," "," ","c15602"," "," "
"M_hquin_c","hydroquinone","  ","c","false"," "," ","c15603"," "," "
"M_orot5p_c","Orotidine 5'-phosphate","  ","c","false","C10H13N2O11P","C10H13N2O11P","C01103","4337","15842"
"M_ditp_c","dITP","  ","c","false"," "," "," "," "," "
"M_dimp_c","dimp","  ","c","false"," "," ","c06196"," "," "
"M_xtp_c"," "," ","c","false"," "," "," "," "," "
"M_13bdg_c","1,3-beta-D-Glucan","  ","c","false"," "," ","C00965","4216","37671"
"M_13bdgn1_c","1,3-beta-D-Glucan(n+1)","  ","c","false"," "," ","G10477(n+1)"," "," "
"M_13bdgn2_c","13bdgn2","  ","c","false"," "," "," "," "," "
"M_13bdgn3_c","13bdgn3","  ","c","false"," "," "," "," "," "
"M_13bdgn4_c","13bdgn4","  ","c","false"," "," "," "," "," "
"M_13bdgn5_c","13bdgn5","  ","c","false"," "," "," "," "," "
"M_chrys_c","chrysolaminaran","  ","c","false"," "," "," "," "," "
"M_rna_c","RNA","  ","c","false"," "," ","c00046","3348"," "
"M_aa_c","amino acid","  ","c","false"," "," ","c00151"," "," "
"M_lipid_c","lipid","  ","c","false"," "," "," "," "," "
"M_photon_u","photon","  ","u","false"," "," "," "," "," "
